BEGIN TRANSACTION;
CREATE TABLE CANDIDATES(
Applicant_ID INTEGER PRIMARY KEY AUTOINCREMENT,
Name TEXT(30),
Role INTEGER REFERENCES ROLES(Role_ID),
Gender TEXT(1)
);
INSERT INTO "CANDIDATES" VALUES(20210001,'Nick Nilson',1,'M');
INSERT INTO "CANDIDATES" VALUES(20210002,'Alessio Richards',2,'M');
INSERT INTO "CANDIDATES" VALUES(20210003,'Connie Kennedy',3,'F');
INSERT INTO "CANDIDATES" VALUES(20210004,'Gilbert Jaramillo',4,'M');
INSERT INTO "CANDIDATES" VALUES(20210005,'Nojus Ford',5,'M');
INSERT INTO "CANDIDATES" VALUES(20210006,'Melina Johnston',4,'F');
INSERT INTO "CANDIDATES" VALUES(20210007,'Zacharia Duke',0,'F');
CREATE TABLE COMPOSITE(
Applicant_ID INTEGER PRIMARY KEY,
Recommend_Role INTEGER REFERENCES ROLES(Role_ID)
);
INSERT INTO "COMPOSITE" VALUES(20210007,5);
CREATE TABLE EMPLOYEES (
Employee_ID INTEGER PRIMARY KEY,
Name TEXT(30),
Role INTEGER REFERENCES ROLES(Role_ID),
Turnover_Intention INTEGER,
Gender TEXT(1),
Salary INTEGER
);
INSERT INTO "EMPLOYEES" VALUES(20200001,'Hector Richard',1,9,'M',23000);
INSERT INTO "EMPLOYEES" VALUES(20200002,'Deacon Coates',1,1,'M',24000);
INSERT INTO "EMPLOYEES" VALUES(20200003,'Jared Puckett',1,2,'M',30000);
INSERT INTO "EMPLOYEES" VALUES(20200004,'Judah Haworth',1,4,'F',50000);
INSERT INTO "EMPLOYEES" VALUES(20200005,'Dalton Herbert',2,6,'M',23000);
INSERT INTO "EMPLOYEES" VALUES(20200006,'Arslan Glover',2,2,'M',24000);
INSERT INTO "EMPLOYEES" VALUES(20200007,'Blake Alvarez',2,2,'M',30000);
INSERT INTO "EMPLOYEES" VALUES(20200008,'Esmay Dejesus',2,2,'F',50000);
INSERT INTO "EMPLOYEES" VALUES(20200009,'Donte Barnes',3,2,'M',23000);
INSERT INTO "EMPLOYEES" VALUES(20200010,'Akbar Hunter',3,2,'M',24000);
INSERT INTO "EMPLOYEES" VALUES(20200011,'Aahil Peters',3,7,'M',30000);
INSERT INTO "EMPLOYEES" VALUES(20200012,'Tamia Wall',3,2,'F',50000);
INSERT INTO "EMPLOYEES" VALUES(20200013,'Tamera Coleman',4,2,'F',23000);
INSERT INTO "EMPLOYEES" VALUES(20200014,'Glenn Atkinson',4,2,'F',24000);
INSERT INTO "EMPLOYEES" VALUES(20200015,'Olly Bryan',4,2,'M',30000);
INSERT INTO "EMPLOYEES" VALUES(20200016,'Harlen Richardson',4,2,'F',50000);
INSERT INTO "EMPLOYEES" VALUES(20200017,'Romeo Drake',5,5,'M',23000);
INSERT INTO "EMPLOYEES" VALUES(20200018,'Lavinia Howell',5,8,'F',24000);
INSERT INTO "EMPLOYEES" VALUES(20200019,'Star Michael',5,9,'F',30000);
INSERT INTO "EMPLOYEES" VALUES(20200020,'Lyla O''Connor',5,2,'F',50000);
CREATE TABLE INTERVIEW(
Applicant_ID INTEGER PRIMARY KEY REFERENCES CANDIDATES(Applicant_ID),
Review TEXT(3000)
);
INSERT INTO "INTERVIEW" VALUES(20210001,'Applies creative thinking to implement a vision for the company');
INSERT INTO "INTERVIEW" VALUES(20210002,'Continuously suggests new ideas in meetings and on projects');
INSERT INTO "INTERVIEW" VALUES(20210003,'Shows initiative with developing new ways of thinking to improve projects or company performance');
INSERT INTO "INTERVIEW" VALUES(20210004,'Effectively communicates with colleagues, supervisors, partners and customers');
INSERT INTO "INTERVIEW" VALUES(20210005,'Is a constructive communicator and is capable of discussing difficult issues effectively and to the point');
INSERT INTO "INTERVIEW" VALUES(20210006,'Admits mistakes and errors and informs others when unable to keep a commitment');
CREATE TABLE NUMERICAL_RATIONING(
Applicant_ID INTEGER PRIMARY KEY REFERENCES CANDIDATES(Applicant_ID),
Score INTEGER
);
INSERT INTO "NUMERICAL_RATIONING" VALUES(20210002,77);
INSERT INTO "NUMERICAL_RATIONING" VALUES(20210003,66);
CREATE TABLE PSYCHOMETRIC(
Applicant_ID INTEGER PRIMARY KEY REFERENCES CANDIDATES(Applicant_ID),
Openness INTEGER,
Neuroticism INTEGER,
Conscientiousness INTEGER,
Agreeableness INTEGER,
Extraversion INTEGER
);
INSERT INTO "PSYCHOMETRIC" VALUES(20210001,6,7,1,3,5);
INSERT INTO "PSYCHOMETRIC" VALUES(20210002,10,4,7,1,5);
INSERT INTO "PSYCHOMETRIC" VALUES(20210003,3,0,5,2,7);
CREATE TABLE ROLES(
Role_ID INTEGER PRIMARY KEY,
Attrition INTEGER,
Role_Name TEXT(30)
);
INSERT INTO "ROLES" VALUES(0,0,'Unknown');
INSERT INTO "ROLES" VALUES(1,0.1,'Marketing');
INSERT INTO "ROLES" VALUES(2,0.3,'Finance and Accounting');
INSERT INTO "ROLES" VALUES(3,0.2,'Consultant Analysts');
INSERT INTO "ROLES" VALUES(4,0.1,'Visualisation Artist');
INSERT INTO "ROLES" VALUES(5,0.5,'Database Architect');
CREATE TABLE TESTS(
Role_ID INTEGER REFERENCES ROLES(Role_ID),
Test_Used TEXT(30)
);
INSERT INTO "TESTS" VALUES(1,'Psychometric');
INSERT INTO "TESTS" VALUES(1,'Interview');
INSERT INTO "TESTS" VALUES(3,'Psychometric');
INSERT INTO "TESTS" VALUES(3,'Interview');
INSERT INTO "TESTS" VALUES(3,'Numerical Rationing');
INSERT INTO "TESTS" VALUES(2,'Numerical Rationing');
INSERT INTO "TESTS" VALUES(2,'Psychometric');
INSERT INTO "TESTS" VALUES(2,'Interview');
INSERT INTO "TESTS" VALUES(4,'Interview');
INSERT INTO "TESTS" VALUES(5,'Interview');
INSERT INTO "TESTS" VALUES(0,'Comprehensive Test');
DELETE FROM "sqlite_sequence";
INSERT INTO "sqlite_sequence" VALUES('CANDIDATES',20210016);
COMMIT;
